<senators>
	
	<senator>
		<name>Chuck Schumer</name>
		<party>Democrat</party>
	</senator>
	<senator>
		<name>Dick Durbin</name>
		<party>Democrat</party>
	</senator>
	<senator>
		<name>Patty Murray</name>
		<party>Democrat</party>
	</senator>
	<senator>
		<name>Bernie Sanders</name>
		<party>Democrat</party>
	</senator>
	<senator>
		<name>Elizabeth Warren</name>
		<party>Democrat</party>
	</senator>
	
	<senator>
		<name>Mitch McConnell</name>
		<party>Republican</party>
	</senator>
	<senator>
		<name>Marco Rubio</name>
		<party>Republican</party>
	</senator>
	<senator>
		<name>Tom Cotton</name>
		<party>Republican</party>
	</senator>
	<senator>
		<name>Rand Paul</name>
		<party>Republican</party>
	</senator>
	<senator>
		<name>Roy Blunt</name>
		<party>Republican</party>
	</senator>

</senators>